<?xml version="1.0"?>
<skin version="1.0" name="Vorkin" author="Alan James">

	<settings>
		<setting name="backcolor" value="0xFFFFFF" />
		<setting name="frontcolor" value="0xFFFFFF" />
		<setting name="lightcolor" value="0x000000" />
		<setting name="screencolor" value="0x000000" />
	</settings>

	<components>
		<component name="controlbar">
			<settings>
				<setting name="margin" value="10" />
				<setting name="fontsize" value="10" />
				
				<setting name='bufferrotation' value='10' />
				<setting name='bufferinterval' value='1' />
			</settings>
			
			<layout>
				<group position='left'>
					<button name='play' />
					<text name='elapsed' />
				</group>
				<group position='center'>
					<slider name='time' />
				</group>
				<group position='right'>
					<text name='duration' />
					<button name='mute' />
					<slider name='volume' />
					<button name="blank" />
					<button name='fullscreen' />
				</group>
			</layout>
			
			<elements>
				<element name="background" src="background.png" />
				<element name="capLeft" src="capLeft.png" />
				<element name="capRight" src="capRight.png" />
				
				<element name="playButton" src="playButton.png" />
				<element name="playButtonOver" src="playButton.png" />
				
				<element name="pauseButton" src="pauseButton.png" />
				<element name="pauseButtonOver" src="pauseButton.png" />
				
				<element name="timeSliderRail" src="timeSliderRail.png" />
				<element name="timeSliderBuffer" src="timeSliderBuffer.png" />
				<element name="timeSliderProgress" src="timeSliderProgress.png" />
				<element name="timeSliderThumb" src="timeSliderThumb.png" />
				
				<element name="fullscreenButton" src="fullscreenButton.png" />
				<element name="fullscreenButtonOver" src="fullscreenButton.png" />
				
				<element name="normalscreenButton" src="normalscreenButton.png" />
				<element name="normalscreenButtonOver" src="normalscreenButton.png" />
				
				<element name="muteButton" src="muteButton.png" />
				<element name="muteButtonOver" src="muteButton.png" />
				
				<element name="unmuteButton" src="unmuteButton.png" />
				<element name="unmuteButtonOver" src="unmuteButton.png" />
				
				<element name="volumeSliderRail" src="volumeSliderRail.png" />
				<element name="volumeSliderBuffer" src="volumeSliderBuffer.png" />
				<element name="volumeSliderProgress" src="volumeSliderProgress.png" />
				
				<element name='blankButton' src='blankButton.png' />
				<element name='blankButtonOver' src='blankButton.png' />
			</elements>
		</component>
		
		<component name="display">
			<elements>
				<element name="background" src="background.png" />
				<element name="playIcon" src="playIcon.png" />
				<element name="muteIcon" src="muteIcon.png" />
				<element name="errorIcon" src="errorIcon.png" />
				<element name="bufferIcon" src="bufferIcon.png" />
			</elements>
		</component>
		
		<component name="hd">
			<elements>
				<element name="controlbarIcon" src="controlbarIcon.png" />
			</elements>
		</component>

	</components>

</skin>